dataset,method,device,torch_version,platform,probes,parameters,catalog_size,batch_size,query_median_ms_per_query,scoring_median_ms_per_query,total_median_ms_per_query,total_p95_ms_per_query,accelerator_memory_observed_delta_bytes,process_peak_rss_bytes
talkplay,learned_centroid,mps,2.14.0,macOS-26.3.1-arm64-arm-64bit-Mach-O,1,3283970,46579,128,0.3486468081064231,0.09404638285559486,0.4568035424199479,0.7633679231590715,24379392,398524416
talkplay,learned_fixed,mps,2.14.0,macOS-26.3.1-arm64-arm-64bit-Mach-O,5,3283970,46579,128,0.23869352389738197,0.2365361328884319,0.47419677775906166,0.5823545260822215,25427968,431636480
talkplay,full,mps,2.14.0,macOS-26.3.1-arm64-arm-64bit-Mach-O,5,3283970,46579,128,0.23055712517816573,0.2402788045401394,0.4693139571827487,0.5705140158380133,25427968,486817792
ml1m,learned_centroid,mps,2.14.0,macOS-26.3.1-arm64-arm-64bit-Mach-O,1,1848578,3883,128,0.3839879568658944,0.008360511401406256,0.39275895278478856,0.48570597673460725,2555904,376111104
ml1m,learned_fixed,mps,2.14.0,macOS-26.3.1-arm64-arm-64bit-Mach-O,5,1848578,3883,128,0.297425781354832,0.035605632547230925,0.33365234321536263,0.35196292446926236,3342336,531333120
ml1m,full,mps,2.14.0,macOS-26.3.1-arm64-arm-64bit-Mach-O,5,1848578,3883,128,0.3088168982685602,0.035446129004412796,0.3441835979174357,0.36032890006936213,3342336,524173312
lastfm,learned_centroid,mps,2.14.0,macOS-26.3.1-arm64-arm-64bit-Mach-O,1,1848578,17632,128,0.3196992188350123,0.0262516291513748,0.34647103120732936,0.35865186582668684,9371648,488341504
lastfm,learned_fixed,mps,2.14.0,macOS-26.3.1-arm64-arm-64bit-Mach-O,5,1848578,17632,128,0.23179525032901438,0.0699894221725117,0.3144777033412538,0.43689049457498186,10158080,494223360
lastfm,full,mps,2.14.0,macOS-26.3.1-arm64-arm-64bit-Mach-O,5,1848578,17632,128,0.24283805487357313,0.08070035937635112,0.3242726293137821,0.4283130322164652,10158080,491847680
amazon_music,learned_centroid,mps,2.14.0,macOS-26.3.1-arm64-arm-64bit-Mach-O,1,1848578,70537,128,0.23025016434985446,0.07859082415961893,0.30665121084894054,0.4786463340817293,36896768,645447680
amazon_music,learned_fixed,mps,2.14.0,macOS-26.3.1-arm64-arm-64bit-Mach-O,5,1848578,70537,128,0.22428743750424474,0.2916446946983342,0.5148530235601356,0.7480643928144102,37683200,649674752
amazon_music,full,mps,2.14.0,macOS-26.3.1-arm64-arm-64bit-Mach-O,5,1848578,70537,128,0.2339521483918361,0.29090836687828414,0.5313911174198438,0.7135095933948752,37683200,651264000
