method,samples,cutoff,queries_per_cell,cells,additional_candidates_vs_first,merged_ndcg10,merged_recall,new_candidates_last_probe,pairwise_angle_degrees,pairwise_cosine,pairwise_topk_jaccard,target_gain_last_probe,target_gain_vs_first,target_union_coverage,unique_candidates
learned_fixed,1,10,1000,50,0.0,0.02540416780904569,0.046159999999999986,10.0,,,,0.046159999999999986,0.0,0.046159999999999986,10.0
learned_fixed,1,50,1000,50,0.0,0.02540416780904569,0.13244,50.0,,,,0.13244,0.0,0.13244,50.0
learned_fixed,2,10,1000,50,1.00772,0.025460887933941464,0.04619999999999999,1.00772,8.064959388919105,0.9901047981738789,0.8256934598734668,0.0018599999999999999,0.0018599999999999999,0.04802000000000001,11.007719999999999
learned_fixed,2,50,1000,50,3.37356,0.025460887933941464,0.13228,3.37356,8.064959388919105,0.9901047981738789,0.8753016533454527,0.00382,0.00382,0.13626000000000002,53.37356
learned_fixed,5,10,1000,50,2.1907,0.025475491071706494,0.04603999999999999,0.27518,8.0669927466402,0.9900998480359017,0.825639434398933,0.0005600000000000001,0.00442,0.05058,12.1907
learned_fixed,5,50,1000,50,7.19134,0.025475491071706494,0.13238000000000003,0.87252,8.0669927466402,0.9900998480359017,0.8756180313141738,0.0007600000000000002,0.00716,0.13960000000000003,57.19134000000001
learned_fixed,10,10,1000,50,2.99686,0.025558510112416184,0.046279999999999995,0.11761999999999997,8.066829578662968,0.9901002277336493,0.8255258075998071,0.00032,0.006140000000000001,0.05229999999999999,12.99686
learned_fixed,10,50,1000,50,9.749460000000001,0.025558510112416184,0.1323,0.37318000000000007,8.066829578662968,0.9901002277336493,0.8754164978546202,0.00032,0.0092,0.14164,59.74946
learned_fixed,20,10,1000,50,3.7431200000000007,0.02551281353757041,0.04622,0.05362,8.067215038342338,0.9900992909407584,0.8254607563468523,4e-05,0.00762,0.05378000000000001,13.743120000000001
learned_fixed,20,50,1000,50,12.0825,0.02551281353757041,0.13234,0.16734000000000002,8.067215038342338,0.9900992909407584,0.8753803694478546,0.00016,0.01114,0.14357999999999999,62.0825
full,1,10,1000,50,0.0,0.025990922137464966,0.0473,10.0,,,,0.0473,0.0,0.0473,10.0
full,1,50,1000,50,0.0,0.025990922137464966,0.13288,50.0,,,,0.13288,0.0,0.13288,50.0
full,2,10,1000,50,0.49032,0.026039597923113802,0.047400000000000005,0.49032,3.6187439084061856,0.9980051527264859,0.9121418981019059,0.00084,0.00084,0.04814,10.490320000000002
full,2,50,1000,50,1.5903800000000001,0.026039597923113802,0.13269999999999998,1.5903800000000001,3.6187439084061856,0.9980051527264859,0.9390953798545059,0.00168,0.00168,0.13456,51.59038
full,5,10,1000,50,1.03614,0.026001580253864665,0.04716,0.12422000000000001,3.6196548803342097,0.9980041550226598,0.9119963010322976,0.00026000000000000003,0.0018200000000000002,0.04912,11.03614
full,5,50,1000,50,3.3275199999999994,0.026001580253864665,0.13312000000000002,0.39010000000000006,3.6196548803342097,0.9980041550226598,0.9391309521740184,0.0003,0.00332,0.13620000000000002,53.32751999999999
full,10,10,1000,50,1.38918,0.02603464351054123,0.047279999999999996,0.049940000000000005,3.6195816565162353,0.9980042316572866,0.9119422544862549,0.00014000000000000001,0.0025,0.0498,11.389179999999996
full,10,50,1000,50,4.44562,0.02603464351054123,0.1331,0.16200000000000003,3.6195816565162353,0.9980042316572866,0.9390597408587585,0.00014000000000000001,0.00404,0.13692000000000001,54.44562
full,20,10,1000,50,1.7060800000000003,0.026055458900955487,0.047359999999999985,0.02418,3.619754368182909,0.9980040428294792,0.9118456755174654,2e-05,0.0030000000000000005,0.050300000000000004,11.706080000000002
full,20,50,1000,50,5.436980000000001,0.026055458900955487,0.13306,0.07274000000000001,3.619754368182909,0.9980040428294792,0.9389946666744755,4e-05,0.00496,0.13784000000000002,55.436980000000005
