dataset,method,queries,training_seeds,inference_seeds,NDCG@10 mean,NDCG@10 train_sd,NDCG@10 inference_sd,Recall@10 mean,Recall@10 train_sd,Recall@10 inference_sd,Recall@50 mean,Recall@50 train_sd,Recall@50 inference_sd,MRR@50 mean,MRR@50 train_sd,MRR@50 inference_sd
talkplay,popularity,1000,0,0,0.0003333333333333333,0.0,0.0,0.001,0.0,0.0,0.008,0.0,0.0,0.00042544326241134744,0.0,0.0
talkplay,last_item,1000,0,0,0.016846123170356334,0.0,0.0,0.029,0.0,0.0,0.077,0.0,0.0,0.01520015727610472,0.0,0.0
talkplay,transition_knn,1000,0,0,0.021077608195648925,0.0,0.0,0.027,0.0,0.0,0.035,0.0,0.0,0.019518181707465596,0.0,0.0
talkplay,content_sasrec,1000,5,0,0.018714506598398586,0.0015445139861699055,0.0,0.0386,0.005549774770204643,0.0,0.1142,0.0038340579025361618,0.0,0.015957194778587962,0.0010078876925079933,0.0
talkplay,uniform,1000,0,0,0.021199532728668074,0.0,0.0,0.039,0.0,0.0,0.124,0.0,0.0,0.019556777174481774,0.0,0.0
talkplay,weighted_prf,1000,0,0,0.02585438553260716,0.0,0.0,0.047,0.0,0.0,0.122,0.0,0.0,0.022639015240130782,0.0,0.0
talkplay,learned_centroid,1000,5,0,0.024608575345902467,0.0004247713495734941,0.0,0.0446,0.0016733200530681526,0.0,0.1326,0.0015165750888103116,0.0,0.022385930951563694,0.0004938790732503647,0.0
talkplay,weighted_fixed,1000,0,10,0.024653287424021203,0.0,0.0005358766054935508,0.0456,0.0,0.001074967699773141,0.1219,0.0,0.002558211180579985,0.0215960676015775,0.0,0.0005726170316632542
talkplay,learned_fixed,1000,5,10,0.0254754910717065,0.0010113741508926285,0.0004970298923557838,0.04604,0.002153601634471891,0.0011962905629950907,0.13238,0.003572394155185006,0.0013767917618708935,0.02296360913816148,0.0006535806066134013,0.00036305149549655235
talkplay,full,1000,5,10,0.02600158025386467,0.001050453005967588,0.0003417730202946153,0.04716,0.002321206582792666,0.0008589399151150085,0.13312,0.003270626851232044,0.0008869423130433389,0.023220234283723863,0.0006947514432159908,0.00023958582863360827
ml1m,popularity,6034,0,0,0.020463166049050772,0.0,0.0,0.04259197878687438,0.0,0.0,0.1365594961882665,0.0,0.0,0.017958740096457575,0.0,0.0
ml1m,last_item,6034,0,0,0.02252221097752675,0.0,0.0,0.0377858800132582,0.0,0.0,0.10291680477295327,0.0,0.0,0.02065675164173695,0.0,0.0
ml1m,transition_knn,6034,0,0,0.10279288276058023,0.0,0.0,0.1721909181305933,0.0,0.0,0.33427245608220085,0.0,0.0,0.08889116191109318,0.0,0.0
ml1m,content_sasrec,6034,5,0,0.10047845437999824,0.0014393093143974381,0.0,0.1717931720251906,0.0021080647817246045,0.0,0.3429897248922771,0.0020045498328417166,0.0,0.0862781337146105,0.0011127144641252373,0.0
ml1m,uniform,6034,0,0,0.013136453312471059,0.0,0.0,0.027676499834272457,0.0,0.0,0.10308253231687106,0.0,0.0,0.011985146496179076,0.0,0.0
ml1m,weighted_prf,6034,0,0,0.013969915469899757,0.0,0.0,0.02916804772953265,0.0,0.0,0.10556844547563805,0.0,0.0,0.012650357878263123,0.0,0.0
ml1m,learned_centroid,6034,5,0,0.018642198038666614,0.0003857074372584346,0.0,0.038945972820682795,0.0013816151806871932,0.0,0.13682466025853496,0.0011870072641345757,0.0,0.01659042999823651,0.00024315104765395285,0.0
ml1m,weighted_fixed,6034,0,10,0.01387225007598948,0.0,0.00032427886113584406,0.02886973815048061,0.0,0.0008186336781722549,0.10485581703679152,0.0,0.0008595493854749701,0.01260583389268214,0.0,0.0002054815593571125
ml1m,learned_fixed,6034,5,10,0.018711955732695483,0.0003202364781411404,0.00017602838642909107,0.039045409347033475,0.0010065134623632552,0.0004895122730499553,0.13620815379516077,0.001292111671175297,0.0005979475915472234,0.016650844115663966,0.0002576730081655434,0.00010860192640073295
ml1m,full,6034,5,10,0.018717472406796717,0.0005165349429840213,0.0002549299727913685,0.038660921445144186,0.0013399561310151675,0.0006246069616662277,0.13607888631090487,0.00215158779763586,0.0010342307605153609,0.016752545377917795,0.0003934237769957925,0.00019441820858948097
lastfm,popularity,1877,0,0,0.03338657263347026,0.0,0.0,0.0633990410229089,0.0,0.0,0.17208311134789558,0.0,0.0,0.028654225061771826,0.0,0.0
lastfm,last_item,1877,0,0,0.004625773004477062,0.0,0.0,0.008524240809802876,0.0,0.0,0.02663825253063399,0.0,0.0,0.004187307795983266,0.0,0.0
lastfm,transition_knn,1877,0,0,0.035523334264524115,0.0,0.0,0.06286627597229622,0.0,0.0,0.1449120937666489,0.0,0.0,0.030784179065512007,0.0,0.0
lastfm,content_sasrec,1877,5,0,0.036972842955137315,0.0013254899709109575,0.0,0.06979222163026105,0.00216410186591262,0.0,0.1362812999467235,0.00402933839130294,0.0,0.030034407051656293,0.0012105900026541765,0.0
lastfm,uniform,1877,0,0,0.01450998632392656,0.0,0.0,0.02930207778369739,0.0,0.0,0.06819392647842301,0.0,0.0,0.011698178424009078,0.0,0.0
lastfm,weighted_prf,1877,0,0,0.013506981617967167,0.0,0.0,0.02557272242940863,0.0,0.0,0.06286627597229622,0.0,0.0,0.011583774542670422,0.0,0.0
lastfm,learned_centroid,1877,5,0,0.017421433957820736,0.0006126570212265514,0.0,0.03399041022908897,0.0009530390953648539,0.0,0.07501331912626531,0.00044574322138203067,0.0,0.014472911090476166,0.0005895534265661659,0.0
lastfm,weighted_fixed,1877,0,10,0.01385739414881389,0.0,0.0002747754899451242,0.026531699520511456,0.0,0.0007862171415797783,0.06297282898241875,0.0,0.0008985338760911748,0.01170008143883235,0.0,0.00017045827535233676
lastfm,learned_fixed,1877,5,10,0.01760989620185146,0.0004831287961846106,0.0006906805345509613,0.03516249334043687,0.0011257616733678988,0.0015550899860763369,0.07574853489611082,0.0004932034868847376,0.0018164432352976128,0.014269445718754138,0.0003039058435964803,0.0005858798468579625
lastfm,full,1877,5,10,0.017494595318698493,0.000698312881906466,0.000698460847365856,0.034949387320191795,0.001525606932687943,0.001646886609038484,0.07543953116675546,0.001316910718626348,0.0018753867920360985,0.014175298035540037,0.00046489191669082345,0.0005885478840606699
amazon_music,popularity,1221,0,0,0.0,0.0,0.0,0.0,0.0,0.0,0.00819000819000819,0.0,0.0,0.0002450823776129424,0.0,0.0
amazon_music,last_item,1221,0,0,0.05601611806006187,0.0,0.0,0.08271908271908272,0.0,0.0,0.1294021294021294,0.0,0.0,0.05015500978402543,0.0,0.0
amazon_music,transition_knn,1221,0,0,0.004914004914004914,0.0,0.0,0.004914004914004914,0.0,0.0,0.011466011466011465,0.0,0.0,0.005118234699296123,0.0,0.0
amazon_music,content_sasrec,1221,5,0,0.008850207100075839,0.002057189546273639,0.0,0.01818181818181818,0.003346898729189606,0.0,0.047010647010647014,0.0030970795087942723,0.0,0.007368060296020219,0.001742259094397528,0.0
amazon_music,uniform,1221,0,0,0.05144902042919093,0.0,0.0,0.08108108108108109,0.0,0.0,0.13677313677313677,0.0,0.0,0.044887114225492526,0.0,0.0
amazon_music,weighted_prf,1221,0,0,0.05559713372905575,0.0,0.0,0.08517608517608517,0.0,0.0,0.13431613431613432,0.0,0.0,0.04898223247273781,0.0,0.0
amazon_music,learned_centroid,1221,5,0,0.051728790542060706,0.0003129396348232457,0.0,0.08222768222768223,0.00044858522318195793,0.0,0.13808353808353807,0.0009338046069608088,0.0,0.0449364523234474,0.0002873960196655662,0.0
amazon_music,weighted_fixed,1221,0,10,0.05543732259465235,0.0,0.00031604329975468484,0.08484848484848485,0.0,0.0009613331619797426,0.1343980343980344,0.0,0.00046490271269250733,0.048876553274224695,0.0,0.0002689803584807193
amazon_music,learned_fixed,1221,5,10,0.05202787672904684,0.000136762820101664,0.00044829293723748894,0.08281736281736282,0.00021976098058965843,0.0012474648822053897,0.13801801801801802,0.0003445648479600845,0.0010741095043901737,0.04513294930372026,0.00011733445320499399,0.0005225018784467909
amazon_music,full,1221,5,10,0.05205224722347811,0.00022217080844152964,0.0006272700828756942,0.0828992628992629,0.0004310465967875766,0.002011698981920889,0.13769041769041768,0.00047190369503318495,0.0013704504939133152,0.04513099075702303,0.00016578081693698657,0.0005688473087894349
