dataset,comparison,metric,mean_difference,bootstrap_95_low,bootstrap_95_high,clusters,replicates
talkplay,content_sasrec - uniform,NDCG@10,-0.0024850261302694905,-0.00991975964797634,0.004615758762965355,1000,10000
talkplay,learned_centroid - weighted_prf,NDCG@10,-0.0012458101867046955,-0.00502071906833028,0.0023184954531696787,1000,10000
talkplay,weighted_fixed - weighted_prf,NDCG@10,-0.0012010981085859595,-0.0023949931050204058,-0.00019720290819588872,1000,10000
talkplay,learned_fixed - learned_centroid,NDCG@10,0.0008669157258040351,5.038866187589038e-05,0.0017734644384004644,1000,10000
talkplay,full - learned_fixed,NDCG@10,0.000526089182158167,2.7656026003322916e-05,0.0010810378446702608,1000,10000
talkplay,full - learned_centroid,NDCG@10,0.0013930049079622022,0.0005756781901901027,0.0023244652789372795,1000,10000
talkplay,full - weighted_prf,NDCG@10,0.00014719472125750689,-0.003541075784272901,0.0036392283947089673,1000,10000
talkplay,full - content_sasrec,NDCG@10,0.007287073655466082,3.6012901377685565e-05,0.014969417475071287,1000,10000
talkplay,full - popularity,NDCG@10,0.025668246920531337,0.018241406654078907,0.03373170388559598,1000,10000
talkplay,full - last_item,NDCG@10,0.009155457083508336,0.0002791210941636025,0.018275554851415708,1000,10000
talkplay,full - transition_knn,NDCG@10,0.004923972058215744,-0.006743292190712361,0.01606899855275527,1000,10000
ml1m,content_sasrec - uniform,NDCG@10,0.08734200106752717,0.08138479319271184,0.09331403314327605,6034,10000
ml1m,learned_centroid - weighted_prf,NDCG@10,0.004672282568766855,0.0033721596901109,0.006032640924977787,6034,10000
ml1m,weighted_fixed - weighted_prf,NDCG@10,-9.766539391027672e-05,-0.00041748233698042284,0.0002266885383402384,6034,10000
ml1m,learned_fixed - learned_centroid,NDCG@10,6.97576940288727e-05,-0.00017267623576205379,0.00031419765075074393,6034,10000
ml1m,full - learned_fixed,NDCG@10,5.516674101235011e-06,-0.00033777226068973257,0.00034284903356432504,6034,10000
ml1m,full - learned_centroid,NDCG@10,7.527436813010775e-05,-0.00028115204005221145,0.00043721125524636393,6034,10000
ml1m,full - weighted_prf,NDCG@10,0.004747556936896962,0.003422839832821753,0.006092860121772638,6034,10000
ml1m,full - content_sasrec,NDCG@10,-0.0817609819732015,-0.08756372898904086,-0.07600353354687636,6034,10000
ml1m,full - popularity,NDCG@10,-0.0017456936422540492,-0.005325800939906534,0.0019421564108275794,6034,10000
ml1m,full - last_item,NDCG@10,-0.003804738570730032,-0.007317536833319754,-0.0003046374914877709,6034,10000
ml1m,full - transition_knn,NDCG@10,-0.0840754103537835,-0.09059872034383376,-0.07753639688436922,6034,10000
lastfm,content_sasrec - uniform,NDCG@10,0.022462856631210757,0.01663825173921883,0.028309612831714383,1877,10000
lastfm,learned_centroid - weighted_prf,NDCG@10,0.003914452339853569,0.0019664943952075738,0.006024747347903731,1877,10000
lastfm,weighted_fixed - weighted_prf,NDCG@10,0.000350412530846723,-3.6132446285266215e-05,0.0008019402554333881,1877,10000
lastfm,learned_fixed - learned_centroid,NDCG@10,0.0001884622440307249,-0.0008609021817948055,0.0011810532081396243,1877,10000
lastfm,full - learned_fixed,NDCG@10,-0.00011530088315296516,-0.00032627010541721655,9.518455373831775e-05,1877,10000
lastfm,full - learned_centroid,NDCG@10,7.316136087775978e-05,-0.000883282795166908,0.0009925694705614095,1877,10000
lastfm,full - weighted_prf,NDCG@10,0.003987613700731329,0.0018994041088413517,0.006185183690908388,1877,10000
lastfm,full - content_sasrec,NDCG@10,-0.01947824763643882,-0.024781158757023733,-0.014288344802974879,1877,10000
lastfm,full - popularity,NDCG@10,-0.01589197731477176,-0.02232800064340385,-0.009615294257166165,1877,10000
lastfm,full - last_item,NDCG@10,0.012868822314221434,0.008649886227740029,0.01725773712432659,1877,10000
lastfm,full - transition_knn,NDCG@10,-0.018028738945825625,-0.025283286644685536,-0.01117988278676402,1877,10000
amazon_music,content_sasrec - uniform,NDCG@10,-0.04259881332911509,-0.05277426025724975,-0.032698434159371986,1221,10000
amazon_music,learned_centroid - weighted_prf,NDCG@10,-0.0038683431869950507,-0.008314808005895123,2.1533505360792583e-05,1221,10000
amazon_music,weighted_fixed - weighted_prf,NDCG@10,-0.00015981113440339745,-0.0006252726293908098,0.0002616938409024958,1221,10000
amazon_music,learned_fixed - learned_centroid,NDCG@10,0.00029908618698614223,-0.0002609688748865521,0.0008827220322639923,1221,10000
amazon_music,full - learned_fixed,NDCG@10,2.437049443126778e-05,-0.0002738173686947475,0.00029925530079125557,1221,10000
amazon_music,full - learned_centroid,NDCG@10,0.00032345668141741003,-0.0003388591676404343,0.0010470229443912279,1221,10000
amazon_music,full - weighted_prf,NDCG@10,-0.0035448865055776398,-0.007839767828863005,0.0002835310876108362,1221,10000
amazon_music,full - content_sasrec,NDCG@10,0.04320204012340227,0.03358530898105297,0.0537666637045441,1221,10000
amazon_music,full - popularity,NDCG@10,0.05205224722347812,0.0416086592707694,0.06289576114085232,1221,10000
amazon_music,full - last_item,NDCG@10,-0.003963870836583762,-0.013325978434105603,0.005315628175412048,1221,10000
amazon_music,full - transition_knn,NDCG@10,0.0471382423094732,0.03649478260774594,0.058230597879181965,1221,10000
