dataset,method,partition,events,files,NDCG@10,Recall@10,Recall@50,MRR@50
talkplay,uniform,warm,540,5,0.014458302469913826,0.02962962962962963,0.1037037037037037,0.013391249441502471
talkplay,uniform,cold,460,5,0.029113150858510017,0.05,0.14782608695652175,0.026794570600153226
talkplay,uniform,all,1000,5,0.02119953272866807,0.039,0.124,0.01955677717448182
talkplay,weighted_prf,warm,540,5,0.018673127946998054,0.03888888888888889,0.10925925925925926,0.015818717222747376
talkplay,weighted_prf,cold,460,5,0.03428455748093089,0.05652173913043478,0.13695652173913042,0.03064545204314617
talkplay,weighted_prf,all,1000,5,0.02585438553260716,0.047,0.122,0.022639015240130823
talkplay,learned_centroid,warm,540,5,0.016340925789687176,0.03148148148148148,0.12,0.015553819433922563
talkplay,learned_centroid,cold,460,5,0.03431407699885082,0.06,0.14739130434782607,0.03040623577662076
talkplay,learned_centroid,all,1000,5,0.024608575345902453,0.0446,0.1326,0.022385930951563732
talkplay,popularity,warm,540,1,0.0006172839506172839,0.001851851851851852,0.014814814814814815,0.0007878578933543471
talkplay,popularity,cold,460,1,0.0,0.0,0.0,0.0
talkplay,popularity,all,1000,1,0.0003333333333333333,0.001,0.008,0.00042544326241134744
talkplay,last_item,warm,540,1,0.01421870589647141,0.022222222222222223,0.07407407407407407,0.013736942898957003
talkplay,last_item,cold,460,1,0.019930482578829935,0.03695652173913044,0.08043478260869565,0.01691784371884334
talkplay,last_item,all,1000,1,0.01684612317035633,0.029,0.077,0.015200157276104718
talkplay,transition_knn,warm,540,1,0.039032607769720236,0.05,0.06481481481481481,0.03614478093975109
talkplay,transition_knn,cold,460,1,0.0,0.0,0.0,0.0
talkplay,transition_knn,all,1000,1,0.02107760819564893,0.027,0.035,0.01951818170746559
talkplay,content_sasrec,warm,540,5,0.016947686092823287,0.034074074074074076,0.1111111111111111,0.014984680224623006
talkplay,content_sasrec,cold,460,5,0.020788600235378284,0.04391304347826087,0.11782608695652173,0.017098842298459923
talkplay,content_sasrec,all,1000,5,0.018714506598398583,0.0386,0.1142,0.015957194778587987
talkplay,weighted_fixed,warm,540,10,0.018324190020425242,0.03851851851851852,0.10962962962962963,0.015560446794891708
talkplay,weighted_fixed,cold,460,10,0.0320830974195468,0.05391304347826087,0.13630434782608697,0.028681361592034747
talkplay,weighted_fixed,all,1000,10,0.024653287424021158,0.0456,0.1219,0.021596067601577507
talkplay,learned_fixed,warm,540,50,0.016604524600324407,0.03185185185185185,0.11948148148148148,0.01570431296897989
talkplay,learned_fixed,cold,460,50,0.03588923432072022,0.06269565217391304,0.1475217391304348,0.031485391597635054
talkplay,learned_fixed,all,1000,50,0.025475491071706484,0.04604,0.13238,0.022963609138161263
talkplay,full,warm,540,50,0.01700947612768045,0.03225925925925926,0.12129629629629629,0.01606815804690815
talkplay,full,cold,460,50,0.03655752857590697,0.06465217391304348,0.147,0.031616149866072446
talkplay,full,all,1000,50,0.026001580253864644,0.04716,0.13312,0.023220234283723724
talkplay,vsknn,warm,540,1,0.0905079069620604,0.19444444444444445,0.37777777777777777,0.06830417747195303
talkplay,vsknn,cold,460,1,0.0,0.0,0.0,0.0
talkplay,vsknn,all,1000,1,0.04887426975951262,0.105,0.204,0.036884255834854635
ml1m,uniform,warm,6029,5,0.013083182365270448,0.02753358765964505,0.10300215624481672,0.011961913079771775
ml1m,uniform,cold,5,5,0.07737056144690832,0.2,0.2,0.04
ml1m,uniform,all,6034,5,0.013136453312471008,0.027676499834272457,0.10308253231687106,0.011985146496178992
ml1m,weighted_prf,warm,6029,5,0.013917335733644119,0.029026372532758336,0.10549013103333886,0.012627676138238354
ml1m,weighted_prf,cold,5,5,0.07737056144690832,0.2,0.2,0.04
ml1m,weighted_prf,all,6034,5,0.013969915469899723,0.02916804772953265,0.10556844547563805,0.012650357878263017
ml1m,learned_centroid,warm,6029,5,0.018614499413863183,0.03884557969812573,0.13677226737435727,0.01658327024104165
ml1m,learned_centroid,cold,5,5,0.05204119982655924,0.16,0.2,0.025223665223665225
ml1m,learned_centroid,all,6034,5,0.01864219803866654,0.038945972820682795,0.13682466025853496,0.0165904299982364
ml1m,popularity,warm,6029,1,0.02048013666279186,0.04262730137667938,0.1366727483828164,0.017973633727322132
ml1m,popularity,cold,5,1,0.0,0.0,0.0,0.0
ml1m,popularity,all,6034,1,0.02046316604905073,0.04259197878687438,0.1365594961882665,0.017958740096457596
ml1m,last_item,warm,6029,1,0.022540889208558013,0.037817216785536574,0.10283629125891525,0.020667503378301415
ml1m,last_item,cold,5,1,0.0,0.0,0.2,0.007692307692307693
ml1m,last_item,all,6034,1,0.022522210977526724,0.0377858800132582,0.10291680477295327,0.02065675164173695
ml1m,transition_knn,warm,6029,1,0.10287813146082941,0.17233372035163377,0.3345496765632775,0.08896488156767855
ml1m,transition_knn,cold,5,1,0.0,0.0,0.0,0.0
ml1m,transition_knn,all,6034,1,0.10279288276058013,0.1721909181305933,0.33427245608220085,0.08889116191109281
ml1m,content_sasrec,warm,6029,5,0.10053174353775839,0.17183612539392934,0.34307513683861335,0.08633395679227474
ml1m,content_sasrec,cold,5,5,0.03622238795070391,0.12,0.24,0.018966666666666666
ml1m,content_sasrec,all,6034,5,0.1004784543799965,0.1717931720251906,0.3429897248922771,0.08627813371461017
ml1m,weighted_fixed,warm,6029,10,0.013816463234015435,0.028727815558135677,0.10477691159396252,0.012579521486444952
ml1m,weighted_fixed,cold,5,10,0.08114002412826307,0.2,0.2,0.044333333333333336
ml1m,weighted_fixed,all,6034,10,0.013872250075989453,0.02886973815048061,0.10485581703679152,0.012605833892682017
ml1m,learned_fixed,warm,6029,50,0.018683694210026757,0.03894509868966661,0.13615524962680378,0.01664317140602243
ml1m,learned_fixed,cold,5,50,0.052789699766726025,0.16,0.2,0.02590259740259742
ml1m,learned_fixed,all,6034,50,0.01871195573269555,0.039045409347033475,0.13620815379516077,0.016650844115664934
ml1m,full,warm,6029,50,0.018685565195547652,0.038556974622657156,0.13602587493780063,0.01674196390260444
ml1m,full,cold,5,50,0.05719118773101049,0.164,0.2,0.029511688311688322
ml1m,full,all,6034,50,0.018717472406796797,0.038660921445144186,0.13607888631090487,0.016752545377918565
ml1m,vsknn,warm,6029,1,0.08572244213724041,0.15923038646541715,0.35362414994194724,0.07222105042941518
ml1m,vsknn,cold,5,1,0.0,0.0,0.0,0.0
ml1m,vsknn,all,6034,1,0.08565140928827021,0.15909844216108718,0.35333112363274777,0.07216120534288102
lastfm,uniform,warm,1663,5,0.016377176386055382,0.03307276007215875,0.07576668671076368,0.013165013131570051
lastfm,uniform,cold,214,5,0.0,0.0,0.009345794392523364,0.00029936478534609376
lastfm,uniform,all,1877,5,0.014509986323926532,0.02930207778369739,0.06819392647842301,0.011698178424009088
lastfm,weighted_prf,warm,1663,5,0.015245101922383854,0.028863499699338546,0.0703547805171377,0.01304826611889528
lastfm,weighted_prf,cold,214,5,0.0,0.0,0.004672897196261682,0.0002031694433157253
lastfm,weighted_prf,all,1877,5,0.013506981617967154,0.02557272242940863,0.06286627597229622,0.011583774542670441
lastfm,learned_centroid,warm,1663,5,0.01966327813519513,0.03836440168370415,0.0835838845460012,0.01630624980302462
lastfm,learned_centroid,cold,214,5,0.0,0.0,0.008411214953271028,0.00022598455324227243
lastfm,learned_centroid,all,1877,5,0.017421433957820726,0.03399041022908897,0.07501331912626531,0.014472911090476182
lastfm,popularity,warm,1663,1,0.03768286039267809,0.07155742633794347,0.19422730006013228,0.03234153965180146
lastfm,popularity,cold,214,1,0.0,0.0,0.0,0.0
lastfm,popularity,all,1877,1,0.03338657263347025,0.0633990410229089,0.17208311134789558,0.028654225061771888
lastfm,last_item,warm,1663,1,0.00476161517618564,0.00841852074564041,0.028863499699338546,0.004489909555143385
lastfm,last_item,cold,214,1,0.003570139679470684,0.009345794392523364,0.009345794392523364,0.001835781041388518
lastfm,last_item,all,1877,1,0.004625773004477062,0.008524240809802876,0.02663825253063399,0.004187307795983267
lastfm,transition_knn,warm,1663,1,0.040094587140415965,0.07095610342754059,0.1635598316295851,0.03474558274562004
lastfm,transition_knn,cold,214,1,0.0,0.0,0.0,0.0
lastfm,transition_knn,all,1877,1,0.03552333426452411,0.06286627597229622,0.1449120937666489,0.030784179065512056
lastfm,content_sasrec,warm,1663,5,0.041527028615013555,0.07817197835237523,0.1529765484064943,0.033794095565819394
lastfm,content_sasrec,cold,214,5,0.0015821385047902871,0.004672897196261682,0.0065420560747663555,0.0008177621962668691
lastfm,content_sasrec,all,1877,5,0.036972842955137274,0.06979222163026105,0.1362812999467235,0.030034407051656237
lastfm,weighted_fixed,warm,1663,10,0.01564060662496914,0.02994588093806374,0.07047504509921829,0.013178664020623692
lastfm,weighted_fixed,cold,214,10,0.0,0.0,0.004672897196261682,0.00020997474014540244
lastfm,weighted_fixed,all,1877,10,0.013857394148813896,0.026531699520511456,0.06297282898241875,0.011700081438832347
lastfm,learned_fixed,warm,1663,50,0.019875992285553493,0.0396873120865905,0.08481058328322309,0.016085592903374937
lastfm,learned_fixed,cold,214,50,0.0,0.0,0.0053271028037383174,0.00015611502704937957
lastfm,learned_fixed,all,1877,50,0.0176098962018516,0.03516249334043687,0.07574853489611082,0.014269445718753907
lastfm,full,warm,1663,50,0.019745854126997798,0.03944678292242935,0.08447384245339748,0.01597980292093207
lastfm,full,cold,214,50,0.0,0.0,0.005233644859813084,0.00015243997756169761
lastfm,full,all,1877,50,0.017494595318698635,0.034949387320191795,0.07543953116675546,0.014175298035539819
lastfm,vsknn,warm,1663,1,0.10759818528559839,0.18220084185207455,0.35898977751052313,0.0926797789502211
lastfm,vsknn,cold,214,1,0.0,0.0,0.0,0.0
lastfm,vsknn,all,1877,1,0.09533073102288232,0.161427810335642,0.31806073521576983,0.08211319786585919
amazon_music,uniform,warm,158,5,0.07770763185694417,0.13291139240506328,0.25949367088607594,0.0676651172585969
amazon_music,uniform,cold,1063,5,0.04754604714077599,0.07337723424270931,0.11853245531514581,0.041501484423770524
amazon_music,uniform,all,1221,5,0.051449020429190875,0.08108108108108109,0.13677313677313677,0.044887114225492526
amazon_music,weighted_prf,warm,158,5,0.09196330816688045,0.14556962025316456,0.2468354430379747,0.08204848254392573
amazon_music,weighted_prf,cold,1063,5,0.050191813351655644,0.0761994355597366,0.11759172154280338,0.044067399442401296
amazon_music,weighted_prf,all,1221,5,0.05559713372905574,0.08517608517608517,0.13431613431613432,0.048982232472737794
amazon_music,learned_centroid,warm,158,5,0.07810565296578001,0.13291139240506328,0.25949367088607594,0.06834783646465087
amazon_music,learned_centroid,cold,1063,5,0.04780824090617386,0.07469426152398871,0.1200376293508937,0.04145667932785931
amazon_music,learned_centroid,all,1221,5,0.05172879054206065,0.08222768222768223,0.13808353808353807,0.04493645232344741
amazon_music,popularity,warm,158,1,0.0,0.0,0.06329113924050633,0.00189395938648989
amazon_music,popularity,cold,1063,1,0.0,0.0,0.0,0.0
amazon_music,popularity,all,1221,1,0.0,0.0,0.00819000819000819,0.00024508237761294236
amazon_music,last_item,warm,158,1,0.09378659433260621,0.13924050632911392,0.20253164556962025,0.08337279892695285
amazon_music,last_item,cold,1063,1,0.05040206796498944,0.07431796801505174,0.11853245531514581,0.045217652601915834
amazon_music,last_item,all,1221,1,0.056016118060061876,0.08271908271908272,0.1294021294021294,0.05015500978402545
amazon_music,transition_knn,warm,158,1,0.0379746835443038,0.0379746835443038,0.08860759493670886,0.03955294030278839
amazon_music,transition_knn,cold,1063,1,0.0,0.0,0.0,0.0
amazon_music,transition_knn,all,1221,1,0.004914004914004914,0.004914004914004914,0.011466011466011465,0.005118234699296123
amazon_music,content_sasrec,warm,158,5,0.029038737450361334,0.05569620253164557,0.13037974683544304,0.024611252617584147
amazon_music,content_sasrec,cold,1063,5,0.0058494659943890024,0.012605832549388523,0.03461900282220132,0.004805102265157472
amazon_music,content_sasrec,all,1221,5,0.008850207100075839,0.01818181818181818,0.047010647010647014,0.00736806029602022
amazon_music,weighted_fixed,warm,158,10,0.0906974640704044,0.14367088607594936,0.2468354430379747,0.08104547650891267
amazon_music,weighted_fixed,cold,1063,10,0.05019639846185013,0.07610536218250236,0.11768579492003763,0.04409509525815626
amazon_music,weighted_fixed,all,1221,10,0.0554373225946524,0.08484848484848485,0.1343980343980344,0.04887655327422466
amazon_music,learned_fixed,warm,158,50,0.07824907807829996,0.1330379746835443,0.25949367088607594,0.06860239249620662
amazon_music,learned_fixed,cold,1063,50,0.048130463922666594,0.0753527751646284,0.11996237064910631,0.04164454664669895
amazon_music,learned_fixed,all,1221,50,0.05202787672904667,0.08281736281736282,0.13801801801801802,0.0451329493037196
amazon_music,full,warm,158,50,0.07880028741253749,0.1341772151898734,0.2588607594936709,0.06891463086288363
amazon_music,full,cold,1063,50,0.04807652723300619,0.07527751646284102,0.11968015051740358,0.04159588714768465
amazon_music,full,all,1221,50,0.052052247223477885,0.0828992628992629,0.13769041769041768,0.045130990757022434
amazon_music,vsknn,warm,158,1,0.07204230236817045,0.12025316455696203,0.24050632911392406,0.06295180016582617
amazon_music,vsknn,cold,1063,1,0.0,0.0,0.0,0.0
amazon_music,vsknn,all,1221,1,0.009322427333473327,0.015561015561015561,0.031122031122031123,0.00814609699115523
