method,samples,queries,training_seeds,inference_seeds,NDCG@10 mean,NDCG@10 train_sd,NDCG@10 inference_sd,Recall@10 mean,Recall@10 train_sd,Recall@10 inference_sd,Recall@50 mean,Recall@50 train_sd,Recall@50 inference_sd,MRR@50 mean,MRR@50 train_sd,MRR@50 inference_sd
learned_fixed,1,1000,5,10,0.02540416780904569,0.0008509463021365794,0.0005178363297053638,0.04616,0.0021102132593650356,0.0011794537341969426,0.13244,0.0030013330371686507,0.001955050439815359,0.022824815542044165,0.00048058487755153057,0.0005354499104373254
full,1,1000,5,10,0.025990922137464966,0.0010090256485581087,0.000401604462861346,0.0473,0.0021988633427296013,0.0009786612170602138,0.13288,0.003126019833590315,0.0011195237082497786,0.023148173925708743,0.0006733759350146206,0.0002907363970058828
learned_fixed,2,1000,5,10,0.025460887933941467,0.000876138088906189,0.0006196086995029827,0.0462,0.0019429359227725461,0.0013416407864998746,0.13228,0.003832362195826492,0.0020363365799068362,0.0228756083622015,0.0005732836311827226,0.0005326434810217529
full,2,1000,5,10,0.0260395979231138,0.001037806143052189,0.0003976028256717232,0.0474,0.0023334523779156057,0.0009451631252505218,0.1327,0.0034777866524558407,0.001142122779934122,0.023178317360416763,0.0006405480723788727,0.0003167467465388004
learned_fixed,5,1000,5,10,0.0254754910717065,0.0010113741508926285,0.0004970298923557838,0.04604,0.002153601634471891,0.0011962905629950907,0.13238,0.003572394155185006,0.0013767917618708935,0.02296360913816148,0.0006535806066134013,0.00036305149549655235
full,5,1000,5,10,0.02600158025386467,0.001050453005967588,0.0003417730202946153,0.04716,0.002321206582792666,0.0008589399151150085,0.13312,0.003270626851232044,0.0008869423130433389,0.023220234283723863,0.0006947514432159908,0.00023958582863360827
learned_fixed,10,1000,5,10,0.025558510112416184,0.001033501053444079,0.00046497845444810757,0.04628,0.002288449256592768,0.0012701705922171771,0.1323,0.0036242240548840236,0.0012745369529536786,0.02297289721710482,0.0006611550143907684,0.0003607293071564786
full,10,1000,5,10,0.026034643510541227,0.0010727769544150712,0.0002696963708752867,0.04728,0.0024283739415501895,0.0008717797887081349,0.1331,0.003136080356113348,0.0009786612170602142,0.0232198604822282,0.0007195851164296387,0.0002126948125020822
learned_fixed,20,1000,5,10,0.025512813537570414,0.0009894681937804492,0.0003809971495851343,0.04622,0.0021253235047869776,0.0010944303439588006,0.13234,0.0035089884582312336,0.0013880441875771354,0.022937479130645335,0.0006610900311850049,0.0003049461476794626
full,20,1000,5,10,0.02605545890095548,0.0010449486104027127,0.0002833590901394473,0.04736,0.002326585480914037,0.0008299933065325825,0.13306,0.0034413660078521247,0.0008313309275559958,0.0232186842400655,0.0007129555563730435,0.0002223152376938178
